family_id,person_id,sex,i1.age,i1.iq,i1.age ~ i1.iq,LGDs,Missense,Synonymous,status
f1,f1.p1,M,166.33975600961486,104.91189182223437,23.763109277273145,0,1.0,1.0,affected
f2,f2.p1,M,111.53800328766472,66.69411560428445,-20.922981362289633,0,1.0,0.0,affected
f3,f3.p1,M,68.00148724003327,69.33300891928155,-65.15797219541747,0,1.0,1.0,affected
f4,f4.p1,M,157.61834502034586,103.07449426952655,15.528029377709686,0,0.0,0.0,affected
f5,f5.p1,M,171.8903746807015,38.88584479262574,46.7898149027243,0,0.0,0.0,affected
