family_id,person_id,sex,i1.m2,i1.age,i1.m2 ~ i1.age,LGDs,Missense,Synonymous,status
f1,f1.p1,M,28.52589917269824,166.33975600961486,-7.24296134368786,0,1.0,1.0,affected
f2,f2.p1,M,43.482874849182046,111.53800328766472,4.212962914096984,0,1.0,0.0,affected
f3,f3.p1,M,39.85472527664552,68.00148724003327,-2.196549912405672,0,1.0,1.0,affected
f4,f4.p1,M,37.31662520714209,157.61834502034586,0.9905907537843177,0,0.0,0.0,affected
f5,f5.p1,M,39.65021263291456,171.8903746807015,4.235957588212237,0,0.0,0.0,affected
