family_id,person_id,sex,i1.m2,i1.age,i1.m2 ~ i1.age,LGDs,Missense,Synonymous,status
f1,f1.p1,M,28.5259,166.33975600961486,-7.24296,0,1.0,1.0,affected
f2,f2.p1,M,43.48287,111.53800328766472,4.21296,0,1.0,0.0,affected
f3,f3.p1,M,39.85473,68.00148724003327,-2.19655,0,1.0,1.0,affected
f4,f4.p1,M,37.31663,157.61834502034586,0.99059,0,0.0,0.0,affected
f5,f5.p1,M,39.65021,171.8903746807015,4.23596,0,0.0,0.0,affected
