person_id,family_id,sex,status,i1.age,i1.iq,i1.age ~ i1.iq,LGDs,missense,synonymous
f1.p1,f1,M,affected,166.33976,104.91189182223437,23.76311,0,1.0,1.0
f2.p1,f2,M,affected,111.538,66.69411560428445,-20.92298,0,1.0,0.0
f3.p1,f3,M,affected,68.00149,69.33300891928155,-65.15797,0,1.0,1.0
f4.p1,f4,M,affected,157.61835,103.07449426952655,15.52803,0,0.0,0.0
f5.p1,f5,M,affected,171.89037,38.88584479262574,46.78981,0,0.0,0.0
