family_id,person_id,sex,i1.age,i1.iq,i1.age ~ i1.iq,LGDs,Missense,Synonymous,status
f1,f1.p1,M,166.33976,104.91189182223437,23.76311,0,1.0,1.0,affected
f2,f2.p1,M,111.538,66.69411560428445,-20.92298,0,1.0,0.0,affected
f3,f3.p1,M,68.00149,69.33300891928155,-65.15797,0,1.0,1.0,affected
f4,f4.p1,M,157.61835,103.07449426952655,15.52803,0,0.0,0.0,affected
f5,f5.p1,M,171.89037,38.88584479262574,46.78981,0,0.0,0.0,affected
