person_id,family_id,sex,status,i1.m2,i1.age,i1.m2 ~ i1.age,LGDs,missense,synonymous
f1.p1,f1,M,affected,28.5259,166.33975600961486,-7.24296,0,1.0,1.0
f2.p1,f2,M,affected,43.48287,111.53800328766472,4.21296,0,1.0,0.0
f3.p1,f3,M,affected,39.85473,68.00148724003327,-2.19655,0,1.0,1.0
f4.p1,f4,M,affected,37.31663,157.61834502034586,0.99059,0,0.0,0.0
f5.p1,f5,M,affected,39.65021,171.8903746807015,4.23596,0,0.0,0.0
