person_id,family_id,status,sex,instrument_1.age,instrument_1.iq,instrument_1.age ~ instrument_1.iq,LGDs,missense,synonymous
f1.p1,f1,affected,M,166.33975,124.91189,43.11306,0,1.0,0.0
f2.p1,f2,affected,F,111.538,118.694115,-15.15833,0,1.0,1.0
f3.p1,f3,affected,M,68.00149,119.33301,-58.33832,0,0.0,0.0
f4.p1,f4,affected,F,157.61835,117.07449,30.01824,0,0.0,0.0
f5.p1,f5,unaffected,M,171.89038,68.88584,17.40006,0,0.0,0.0
f6.p1,f6,affected,F,143.50627,64.319626,-13.5321,0,0.0,0.0
f7.p1,f7,affected,M,190.443,50.574066,25.73434,0,0.0,0.0
f8.p1,f8,affected,F,129.93854,60.48986,-29.23692,0,0.0,0.0
